site_1,address,lat,lon
Booval (Ipswich),"14 South Station Rd, Booval",-27.61016354,152.7900563
Wollongong,"24 Kenny St, Woolongong",-34.42790383,150.8915715
Kirwan (Townsville) Connect to Wellbeing,"56-58 Thuringowa Rd, Townsville",-19.3119,146.7299
Campbelltown,"4 Hyde Pde, Campbelltown",-34.0744176,150.8053933
Preston,"1, 137 High St, Preston",-37.74819,145.002369
Fairfield,"305 Arthur St, Darebin & Whittlesea",-37.7236937,144.9828879
Penrith,"1/80 Henry St, Penrith",-33.7556595,150.7086254
Tuggerah,"2/5 Colony Close, Tuggerah",-33.3174848,151.4201471
Hendon,"8 Butler Dr, Hendon",-34.8780099,138.5154642
Mill Park,"415 McDonalds Road, Eastern Melbourne PHN - Northern Catchment",-37.65142211,145.0719703
Hurstville,"430 Forest Rd, Hurstville",-33.9637075,151.0936634
Broken Hill,"Old War Vets Rd, Broken Hill",-31.948655,141.45307
East Victoria Park,"353 Shepperton Rd, East Victoria Park",-31.9783054,115.9034738
Spencer Park,"Disprose Cres, Albany",-35.004327,117.906294
Joondalup (JMHSS),"22 Upney Mews, Joondalup",-31.7357041,115.7731602
Nundah,"15 Union St, Nundah",-27.40473755,153.0617089
Adelaide (UMHCC),"225 Grenfell Street, Adelaide",-34.9237621,138.610899
Strathpine (Living Learning Centre),"327 Gympie Rd, Brisbane North",-27.3808723,153.02971
Seven Hills,"29/20 Tucks Rd, Seven Hills",-33.777608,150.9560772
Orange,"63 Hill St, Western NSW",-32.3951119,148.8319249
Geelong,"92 Little Myers St, Geelong",-38.15373852,144.362671
